Article date,Article title,Article slug,Article URL,Total content images,Images with any CSV record,Images in a provided CSV,Images confirmed uploaded to Pinterest,Images with no CSV record,CSV coverage status,Pinterest handoff / upload status,Latest scheduled dates,Batch file(s),Tracker updated
2026-08-14,Build a Vintage Collage From Five Paper Clues,vintage-collage-from-five-paper-clues,https://sentimentalica.com/blog/vintage-collage-from-five-paper-clues.html,2,0,0,0,2,Not started: no current article image has a CSV record,No CSV handoff recorded,,,2026-08-14
2026-08-14,A Velvet Vow Color Palette for Romantic Junk Journals,velvet-vow-romantic-junk-journal-color-palette,https://sentimentalica.com/blog/velvet-vow-romantic-junk-journal-color-palette.html,8,0,0,0,8,Not started: no current article image has a CSV record,No CSV handoff recorded,,,2026-08-14
2026-08-14,A Petal Mist Palette for Soft Floral Journaling,petal-mist-soft-floral-journal-color-palette,https://sentimentalica.com/blog/petal-mist-soft-floral-journal-color-palette.html,8,0,0,0,8,Not started: no current article image has a CSV record,No CSV handoff recorded,,,2026-08-14
2026-08-14,A Nectar Bloom Palette for Tropical Botanical Journals,nectar-bloom-tropical-botanical-journal-palette,https://sentimentalica.com/blog/nectar-bloom-tropical-botanical-journal-palette.html,8,0,0,0,8,Not started: no current article image has a CSV record,No CSV handoff recorded,,,2026-08-14
2026-08-14,12 Journal Prompts From One Photograph,journal-prompts-from-one-photograph,https://sentimentalica.com/blog/journal-prompts-from-one-photograph.html,2,0,0,0,2,Not started: no current article image has a CSV record,No CSV handoff recorded,,,2026-08-14
2026-08-14,A Gilded Blush Palette for Elegant Journal Pages,gilded-blush-elegant-journal-color-palette,https://sentimentalica.com/blog/gilded-blush-elegant-journal-color-palette.html,8,0,0,0,8,Not started: no current article image has a CSV record,No CSV handoff recorded,,,2026-08-14
2026-08-14,5 Gentle Ways to Repair a Torn Journal Page,gentle-ways-to-repair-a-torn-journal-page,https://sentimentalica.com/blog/gentle-ways-to-repair-a-torn-journal-page.html,2,0,0,0,2,Not started: no current article image has a CSV record,No CSV handoff recorded,,,2026-08-14
2026-08-14,A Foxglove Hollow Woodland Palette for Nature Journals,foxglove-hollow-woodland-journal-color-palette,https://sentimentalica.com/blog/foxglove-hollow-woodland-journal-color-palette.html,8,0,0,0,8,Not started: no current article image has a CSV record,No CSV handoff recorded,,,2026-08-14
2026-08-14,Your First Envelope Flip-Out for a Junk Journal,first-envelope-flip-out-for-a-junk-journal,https://sentimentalica.com/blog/first-envelope-flip-out-for-a-junk-journal.html,2,0,0,0,2,Not started: no current article image has a CSV record,No CSV handoff recorded,,,2026-08-14
2026-08-14,A Balanced Junk Journal Spread in Three Clusters,balanced-junk-journal-spread-in-three-clusters,https://sentimentalica.com/blog/balanced-junk-journal-spread-in-three-clusters.html,2,0,0,0,2,Not started: no current article image has a CSV record,No CSV handoff recorded,,,2026-08-14
2026-08-13,Spring Junk Journal Ideas From Rain and First Green,spring-junk-journal-ideas-from-rain-and-first-green,https://sentimentalica.com/blog/spring-junk-journal-ideas-from-rain-and-first-green.html,2,2,2,0,0,Complete: every current article image has a CSV record,CSV provided for every current image; Pinterest upload not confirmed,2026-08-18,UPLOAD_THIS_latest-11-articles_2026-08-18_to_2026-08-21.csv,2026-08-14
2026-08-13,A Spring Journal Pocket From One Garden Walk,spring-journal-pocket-from-one-garden-walk,https://sentimentalica.com/blog/spring-journal-pocket-from-one-garden-walk.html,2,2,2,0,0,Complete: every current article image has a CSV record,CSV provided for every current image; Pinterest upload not confirmed,2026-08-20,UPLOAD_THIS_latest-11-articles_2026-08-18_to_2026-08-21.csv,2026-08-14
2026-08-13,5 Paper Storage Mistakes That Hide Your Best Supplies,paper-storage-mistakes-that-hide-your-best-supplies,https://sentimentalica.com/blog/paper-storage-mistakes-that-hide-your-best-supplies.html,2,2,2,0,0,Complete: every current article image has a CSV record,CSV provided for every current image; Pinterest upload not confirmed,2026-08-19,UPLOAD_THIS_latest-11-articles_2026-08-18_to_2026-08-21.csv,2026-08-14
2026-08-13,5 Junk Journal Mistakes That Make Pages Harder to Use,junk-journal-mistakes-that-make-pages-harder-to-use,https://sentimentalica.com/blog/junk-journal-mistakes-that-make-pages-harder-to-use.html,2,2,2,0,0,Complete: every current article image has a CSV record,CSV provided for every current image; Pinterest upload not confirmed,2026-08-18,UPLOAD_THIS_latest-11-articles_2026-08-18_to_2026-08-21.csv,2026-08-14
2026-08-13,How to Turn Travel Tickets Into a Junk Journal Story,how-to-turn-travel-tickets-into-a-junk-journal-story,https://sentimentalica.com/blog/how-to-turn-travel-tickets-into-a-junk-journal-story.html,2,2,2,0,0,Complete: every current article image has a CSV record,CSV provided for every current image; Pinterest upload not confirmed,2026-08-13,UPLOAD_TODAY_five-seasonal-articles_2026-08-13.csv,2026-08-14
2026-08-13,How to Store Paper Scraps by the Way You Use Them,how-to-store-paper-scraps-by-the-way-you-use-them,https://sentimentalica.com/blog/how-to-store-paper-scraps-by-the-way-you-use-them.html,2,0,0,0,2,Not started: no current article image has a CSV record,No CSV handoff recorded,,,2026-08-14
2026-08-13,How to Press Flowers for Junk Journal Pages,how-to-press-flowers-for-junk-journal-pages,https://sentimentalica.com/blog/how-to-press-flowers-for-junk-journal-pages.html,2,0,0,0,2,Not started: no current article image has a CSV record,No CSV handoff recorded,,,2026-08-14
2026-08-13,How to Make a Thanksgiving Recipe Memory Journal,how-to-make-a-thanksgiving-recipe-memory-journal,https://sentimentalica.com/blog/how-to-make-a-thanksgiving-recipe-memory-journal.html,2,2,2,0,0,Complete: every current article image has a CSV record,CSV provided for every current image; Pinterest upload not confirmed,2026-08-13,UPLOAD_TODAY_five-seasonal-articles_2026-08-13.csv,2026-08-14
2026-08-13,How to Choose Vintage Wallpaper Without Making Your Phone Feel Busy,how-to-choose-vintage-wallpaper-without-making-your-phone-feel-busy,https://sentimentalica.com/blog/how-to-choose-vintage-wallpaper-without-making-your-phone-feel-busy.html,2,0,0,0,2,Not started: no current article image has a CSV record,No CSV handoff recorded,,,2026-08-14
2026-08-13,How to Choose Fantasy Wallpaper for Your Phone Layout,how-to-choose-fantasy-wallpaper-for-your-phone-layout,https://sentimentalica.com/blog/how-to-choose-fantasy-wallpaper-for-your-phone-layout.html,2,0,0,0,2,Not started: no current article image has a CSV record,No CSV handoff recorded,,,2026-08-14
2026-08-13,"Halloween Junk Journal Pockets for Secrets, Spells, and Small Stories",halloween-junk-journal-pockets-for-secrets-spells-and-small-stories,https://sentimentalica.com/blog/halloween-junk-journal-pockets-for-secrets-spells-and-small-stories.html,2,2,2,0,0,Complete: every current article image has a CSV record,CSV provided for every current image; Pinterest upload not confirmed,2026-08-13,UPLOAD_TODAY_five-seasonal-articles_2026-08-13.csv,2026-08-14
2026-08-13,6 Glue Mistakes to Avoid in a Junk Journal,glue-mistakes-to-avoid-in-a-junk-journal,https://sentimentalica.com/blog/glue-mistakes-to-avoid-in-a-junk-journal.html,2,2,2,0,0,Complete: every current article image has a CSV record,CSV provided for every current image; Pinterest upload not confirmed,2026-08-19,UPLOAD_THIS_latest-11-articles_2026-08-18_to_2026-08-21.csv,2026-08-14
2026-08-13,Your First Junk Journal Spread With Only Five Things,first-junk-journal-spread-with-five-things,https://sentimentalica.com/blog/first-junk-journal-spread-with-five-things.html,2,2,2,0,0,Complete: every current article image has a CSV record,CSV provided for every current image; Pinterest upload not confirmed,2026-08-19,UPLOAD_THIS_latest-11-articles_2026-08-18_to_2026-08-21.csv,2026-08-14
2026-08-13,Your First Junk Journal Pocket in Four Steps,first-junk-journal-pocket-in-four-steps,https://sentimentalica.com/blog/first-junk-journal-pocket-in-four-steps.html,2,2,2,0,0,Complete: every current article image has a CSV record,CSV provided for every current image; Pinterest upload not confirmed,2026-08-21,UPLOAD_THIS_latest-11-articles_2026-08-18_to_2026-08-21.csv,2026-08-14
2026-08-13,How to Make an Easter Recipe Memory Page,easter-recipe-memory-page,https://sentimentalica.com/blog/easter-recipe-memory-page.html,2,2,2,0,0,Complete: every current article image has a CSV record,CSV provided for every current image; Pinterest upload not confirmed,2026-08-20 | 2026-08-21,UPLOAD_THIS_latest-11-articles_2026-08-18_to_2026-08-21.csv,2026-08-14
2026-08-13,An Easter Memory Pocket for Family Traditions,easter-memory-pocket-for-family-traditions,https://sentimentalica.com/blog/easter-memory-pocket-for-family-traditions.html,2,2,2,0,0,Complete: every current article image has a CSV record,CSV provided for every current image; Pinterest upload not confirmed,2026-08-18,UPLOAD_THIS_latest-11-articles_2026-08-18_to_2026-08-21.csv,2026-08-14
2026-08-13,An Early Spring Junk Journal Palette in Four Colors,early-spring-junk-journal-color-palette,https://sentimentalica.com/blog/early-spring-junk-journal-color-palette.html,2,2,2,0,0,Complete: every current article image has a CSV record,CSV provided for every current image; Pinterest upload not confirmed,2026-08-20,UPLOAD_THIS_latest-11-articles_2026-08-18_to_2026-08-21.csv,2026-08-14
2026-08-13,Beginner Junk Journal Paper Picks: Start With Five,beginner-junk-journal-paper-picks,https://sentimentalica.com/blog/beginner-junk-journal-paper-picks.html,2,2,2,0,0,Complete: every current article image has a CSV record,CSV provided for every current image; Pinterest upload not confirmed,2026-08-21,UPLOAD_THIS_latest-11-articles_2026-08-18_to_2026-08-21.csv,2026-08-14
2026-08-13,A Harvest Market Journal Page From One Slow Morning,a-harvest-market-journal-page-from-one-slow-morning,https://sentimentalica.com/blog/a-harvest-market-journal-page-from-one-slow-morning.html,2,2,2,0,0,Complete: every current article image has a CSV record,CSV provided for every current image; Pinterest upload not confirmed,2026-08-13,UPLOAD_TODAY_five-seasonal-articles_2026-08-13.csv,2026-08-14
2026-08-13,A Forest Field-Notes Journal From One Woodland Walk,a-forest-field-notes-journal-from-one-woodland-walk,https://sentimentalica.com/blog/a-forest-field-notes-journal-from-one-woodland-walk.html,2,0,0,0,2,Not started: no current article image has a CSV record,No CSV handoff recorded,,,2026-08-14
2026-08-13,A Christmas Junk Journal Made From One Day at Home,a-christmas-junk-journal-made-from-one-day-at-home,https://sentimentalica.com/blog/a-christmas-junk-journal-made-from-one-day-at-home.html,2,0,0,0,2,Not started: no current article image has a CSV record,No CSV handoff recorded,,,2026-08-14
2026-08-13,A Butterfly Specimen Journal Built Around One Sighting,a-butterfly-specimen-journal-built-around-one-sighting,https://sentimentalica.com/blog/a-butterfly-specimen-journal-built-around-one-sighting.html,2,0,0,0,2,Not started: no current article image has a CSV record,No CSV handoff recorded,,,2026-08-14
2026-08-13,A Backyard Bird-Sighting Journal for Beginners,a-backyard-bird-sighting-journal-for-beginners,https://sentimentalica.com/blog/a-backyard-bird-sighting-journal-for-beginners.html,2,0,0,0,2,Not started: no current article image has a CSV record,No CSV handoff recorded,,,2026-08-14
2026-08-13,7 Autumn Textures to Layer in a Junk Journal,7-autumn-textures-to-layer-in-a-junk-journal,https://sentimentalica.com/blog/7-autumn-textures-to-layer-in-a-junk-journal.html,2,2,2,0,0,Complete: every current article image has a CSV record,CSV provided for every current image; Pinterest upload not confirmed,2026-08-13,UPLOAD_TODAY_five-seasonal-articles_2026-08-13.csv,2026-08-14
2026-08-13,15 Creative Journal Prompts From One Ordinary Object,15-creative-journal-prompts-from-one-ordinary-object,https://sentimentalica.com/blog/15-creative-journal-prompts-from-one-ordinary-object.html,2,0,0,0,2,Not started: no current article image has a CSV record,No CSV handoff recorded,,,2026-08-14
2026-08-12,How to Use Yellow Flowers Without Making a Journal Page Too Sweet,how-to-use-yellow-flowers-without-making-a-journal-page-too-sweet,https://sentimentalica.com/blog/how-to-use-yellow-flowers-without-making-a-journal-page-too-sweet.html,8,8,8,8,0,Complete: every current article image has a CSV record,Pinterest upload confirmed for every current article image,2026-08-12 | 2026-08-13 | 2026-08-14 | 2026-08-15 | 2026-08-16,UPLOAD_THIS_latest-articles_five-day-schedule_2026-08-12.csv,2026-08-14
2026-08-12,A Five-Minute Journal Routine When You Have Nothing to Write,a-five-minute-journaling-routine-for-days-when-you-have-nothing-to-write,https://sentimentalica.com/blog/a-five-minute-journaling-routine-for-days-when-you-have-nothing-to-write.html,3,3,3,3,0,Complete: every current article image has a CSV record,Pinterest upload confirmed for every current article image,2026-08-15,UPLOAD_THIS_latest-articles_five-day-schedule_2026-08-12.csv,2026-08-14
2026-08-11,Vintage Wallpaper Ideas That Keep Your Phone Icons Readable,vintage-wallpaper-ideas-that-keep-your-phone-icons-readable,https://sentimentalica.com/blog/vintage-wallpaper-ideas-that-keep-your-phone-icons-readable.html,8,8,8,7,0,Complete: every current article image has a CSV record,Pinterest upload confirmed for 7 of 8 current images,2026-08-12 | 2026-08-13 | 2026-08-14 | 2026-08-15 | 2026-08-16,UPLOAD_RETRY_ONLY_38-duplicate-titles-fixed_2026-08-12.csv | UPLOAD_THIS_latest-articles_five-day-schedule_2026-08-12.csv,2026-08-14
2026-08-11,Scrap Paper Project Ideas for Pretty Leftovers,scrap-paper-project-ideas-for-pretty-leftovers,https://sentimentalica.com/blog/scrap-paper-project-ideas-for-pretty-leftovers.html,8,8,8,6,0,Complete: every current article image has a CSV record,Pinterest upload confirmed for 6 of 8 current images,2026-08-12 | 2026-08-13 | 2026-08-14 | 2026-08-15 | 2026-08-16,UPLOAD_RETRY_ONLY_38-duplicate-titles-fixed_2026-08-12.csv | UPLOAD_THIS_latest-articles_five-day-schedule_2026-08-12.csv,2026-08-14
2026-08-11,Purple and Green Color Mixing for Mystical Journal Pages,purple-and-green-color-mixing-for-mystical-journal-pages,https://sentimentalica.com/blog/purple-and-green-color-mixing-for-mystical-journal-pages.html,8,8,8,6,0,Complete: every current article image has a CSV record,Pinterest upload confirmed for 6 of 8 current images,2026-08-12 | 2026-08-13 | 2026-08-14 | 2026-08-15 | 2026-08-16,UPLOAD_RETRY_ONLY_38-duplicate-titles-fixed_2026-08-12.csv | UPLOAD_THIS_latest-articles_five-day-schedule_2026-08-12.csv,2026-08-14
2026-08-11,7 Printable Cutting Tips for Cleaner Craft Pieces,printable-cutting-tips-for-cleaner-craft-pieces,https://sentimentalica.com/blog/printable-cutting-tips-for-cleaner-craft-pieces.html,8,8,8,7,0,Complete: every current article image has a CSV record,Pinterest upload confirmed for 7 of 8 current images,2026-08-12 | 2026-08-13 | 2026-08-14 | 2026-08-15 | 2026-08-16,UPLOAD_RETRY_ONLY_38-duplicate-titles-fixed_2026-08-12.csv | UPLOAD_THIS_latest-articles_five-day-schedule_2026-08-12.csv,2026-08-14
2026-08-11,"Peach, Cream, and Olive Color Mix for Romantic Journal Pages",peach-cream-and-olive-color-mix-for-romantic-journal-pages,https://sentimentalica.com/blog/peach-cream-and-olive-color-mix-for-romantic-journal-pages.html,9,9,9,7,0,Complete: every current article image has a CSV record,Pinterest upload confirmed for 7 of 9 current images,2026-08-12 | 2026-08-13 | 2026-08-14 | 2026-08-15 | 2026-08-16,UPLOAD_RETRY_ONLY_38-duplicate-titles-fixed_2026-08-12.csv | UPLOAD_THIS_latest-articles_five-day-schedule_2026-08-12.csv,2026-08-14
2026-08-11,Orange and Teal Butterfly Journal Colors That Stay Balanced,orange-and-teal-butterfly-journal-colors-that-stay-balanced,https://sentimentalica.com/blog/orange-and-teal-butterfly-journal-colors-that-stay-balanced.html,8,8,8,7,0,Complete: every current article image has a CSV record,Pinterest upload confirmed for 7 of 8 current images,2026-08-12 | 2026-08-13 | 2026-08-14 | 2026-08-15 | 2026-08-16,UPLOAD_RETRY_ONLY_38-duplicate-titles-fixed_2026-08-12.csv | UPLOAD_THIS_latest-articles_five-day-schedule_2026-08-12.csv,2026-08-14
2026-08-11,7 Journal Mistakes to Avoid Before You Start Over,journal-mistakes-to-avoid-before-you-start-over,https://sentimentalica.com/blog/journal-mistakes-to-avoid-before-you-start-over.html,8,8,8,7,0,Complete: every current article image has a CSV record,Pinterest upload confirmed for 7 of 8 current images,2026-08-12 | 2026-08-13 | 2026-08-14 | 2026-08-15 | 2026-08-16,UPLOAD_RETRY_ONLY_38-duplicate-titles-fixed_2026-08-12.csv | UPLOAD_THIS_latest-articles_five-day-schedule_2026-08-12.csv,2026-08-14
2026-08-11,How to Use Red Poppies Without Overpowering a Journal Page,how-to-use-red-poppies-without-overpowering-a-journal-page,https://sentimentalica.com/blog/how-to-use-red-poppies-without-overpowering-a-journal-page.html,8,8,8,6,0,Complete: every current article image has a CSV record,Pinterest upload confirmed for 6 of 8 current images,2026-08-12 | 2026-08-13 | 2026-08-14 | 2026-08-15 | 2026-08-16,UPLOAD_RETRY_ONLY_38-duplicate-titles-fixed_2026-08-12.csv | UPLOAD_THIS_latest-articles_five-day-schedule_2026-08-12.csv,2026-08-14
2026-08-11,"How to Make Forest Journal Pages Feel Deep, Not Muddy",how-to-make-forest-journal-pages-feel-deep-not-muddy,https://sentimentalica.com/blog/how-to-make-forest-journal-pages-feel-deep-not-muddy.html,8,8,8,7,0,Complete: every current article image has a CSV record,Pinterest upload confirmed for 7 of 8 current images,2026-08-12 | 2026-08-13 | 2026-08-14 | 2026-08-15 | 2026-08-16,UPLOAD_RETRY_ONLY_38-duplicate-titles-fixed_2026-08-12.csv | UPLOAD_THIS_latest-articles_five-day-schedule_2026-08-12.csv,2026-08-14
2026-08-11,"How to Make a Spring Junk Journal Page Feel Fresh, Not Busy",how-to-make-a-spring-junk-journal-page-feel-fresh-not-busy,https://sentimentalica.com/blog/how-to-make-a-spring-junk-journal-page-feel-fresh-not-busy.html,8,8,8,7,0,Complete: every current article image has a CSV record,Pinterest upload confirmed for 7 of 8 current images,2026-08-12 | 2026-08-13 | 2026-08-14 | 2026-08-15 | 2026-08-16,UPLOAD_RETRY_ONLY_38-duplicate-titles-fixed_2026-08-12.csv | UPLOAD_THIS_latest-articles_five-day-schedule_2026-08-12.csv,2026-08-14
2026-08-11,"How to Make a Shabby Chic Journal Feel Soft, Not Sugary",how-to-make-a-shabby-chic-journal-feel-soft-not-sugary,https://sentimentalica.com/blog/how-to-make-a-shabby-chic-journal-feel-soft-not-sugary.html,9,9,9,5,0,Complete: every current article image has a CSV record,Pinterest upload confirmed for 5 of 9 current images,2026-08-12 | 2026-08-13 | 2026-08-14 | 2026-08-15 | 2026-08-16,UPLOAD_RETRY_ONLY_38-duplicate-titles-fixed_2026-08-12.csv | UPLOAD_THIS_latest-articles_five-day-schedule_2026-08-12.csv,2026-08-14
2026-08-11,How to Coffee and Tea Dye Paper Without Warping It,how-to-coffee-and-tea-dye-paper-without-warping-it,https://sentimentalica.com/blog/how-to-coffee-and-tea-dye-paper-without-warping-it.html,8,8,8,7,0,Complete: every current article image has a CSV record,Pinterest upload confirmed for 7 of 8 current images,2026-08-12 | 2026-08-13 | 2026-08-14 | 2026-08-15 | 2026-08-16,UPLOAD_RETRY_ONLY_38-duplicate-titles-fixed_2026-08-12.csv | UPLOAD_THIS_latest-articles_five-day-schedule_2026-08-12.csv,2026-08-14
2026-08-11,Fantasy Wallpaper Art That Leaves Room for Your Lock Screen,fantasy-wallpaper-art-that-leaves-room-for-your-lock-screen,https://sentimentalica.com/blog/fantasy-wallpaper-art-that-leaves-room-for-your-lock-screen.html,8,8,8,7,0,Complete: every current article image has a CSV record,Pinterest upload confirmed for 7 of 8 current images,2026-08-12 | 2026-08-13 | 2026-08-14 | 2026-08-15 | 2026-08-16,UPLOAD_RETRY_ONLY_38-duplicate-titles-fixed_2026-08-12.csv | UPLOAD_THIS_latest-articles_five-day-schedule_2026-08-12.csv,2026-08-14
2026-08-11,"Easter Junk Journal Ideas That Feel Collected, Not Themed",easter-junk-journal-ideas-that-feel-collected-not-themed,https://sentimentalica.com/blog/easter-junk-journal-ideas-that-feel-collected-not-themed.html,8,8,8,8,0,Complete: every current article image has a CSV record,Pinterest upload confirmed for every current article image,2026-08-12 | 2026-08-13 | 2026-08-14 | 2026-08-15 | 2026-08-16,UPLOAD_THIS_latest-articles_five-day-schedule_2026-08-12.csv,2026-08-14
2026-08-11,Copper and Teal Junk Journal Colors for Steampunk Pages,copper-and-teal-junk-journal-colors-for-steampunk-pages,https://sentimentalica.com/blog/copper-and-teal-junk-journal-colors-for-steampunk-pages.html,8,8,8,7,0,Complete: every current article image has a CSV record,Pinterest upload confirmed for 7 of 8 current images,2026-08-12 | 2026-08-13 | 2026-08-14 | 2026-08-15 | 2026-08-16,UPLOAD_RETRY_ONLY_38-duplicate-titles-fixed_2026-08-12.csv | UPLOAD_THIS_latest-articles_five-day-schedule_2026-08-12.csv,2026-08-14
2026-08-11,"Botanical Wallpaper Ideas That Feel Collected, Not Crowded",botanical-wallpaper-ideas-that-feel-collected-not-crowded,https://sentimentalica.com/blog/botanical-wallpaper-ideas-that-feel-collected-not-crowded.html,8,8,8,6,0,Complete: every current article image has a CSV record,Pinterest upload confirmed for 6 of 8 current images,2026-08-12 | 2026-08-13 | 2026-08-14 | 2026-08-15 | 2026-08-16,UPLOAD_RETRY_ONLY_38-duplicate-titles-fixed_2026-08-12.csv | UPLOAD_THIS_latest-articles_five-day-schedule_2026-08-12.csv,2026-08-14
2026-08-11,"Bird Journal Inspiration That Feels Observed, Not Decorated",bird-journal-inspiration-that-feels-observed-not-decorated,https://sentimentalica.com/blog/bird-journal-inspiration-that-feels-observed-not-decorated.html,3,3,3,3,0,Complete: every current article image has a CSV record,Pinterest upload confirmed for every current article image,2026-08-14,UPLOAD_THIS_latest-articles_five-day-schedule_2026-08-12.csv,2026-08-14
2026-08-11,An Autumn Junk Journal Page From One Walk Around the Block,an-autumn-junk-journal-page-from-one-walk-around-the-block,https://sentimentalica.com/blog/an-autumn-junk-journal-page-from-one-walk-around-the-block.html,3,3,3,3,0,Complete: every current article image has a CSV record,Pinterest upload confirmed for every current article image,2026-08-13,UPLOAD_THIS_latest-articles_five-day-schedule_2026-08-12.csv,2026-08-14
2026-08-11,A Lemon-Themed Summer Junk Journal Without Too Much Yellow,a-lemon-themed-summer-junk-journal-without-too-much-yellow,https://sentimentalica.com/blog/a-lemon-themed-summer-junk-journal-without-too-much-yellow.html,8,8,8,7,0,Complete: every current article image has a CSV record,Pinterest upload confirmed for 7 of 8 current images,2026-08-12 | 2026-08-13 | 2026-08-14 | 2026-08-15 | 2026-08-16,UPLOAD_RETRY_ONLY_38-duplicate-titles-fixed_2026-08-12.csv | UPLOAD_THIS_latest-articles_five-day-schedule_2026-08-12.csv,2026-08-14
2026-08-11,"A Dark Academia Lock Screen That Is Moody, Not Muddy",a-dark-academia-lock-screen-that-is-moody-not-muddy,https://sentimentalica.com/blog/a-dark-academia-lock-screen-that-is-moody-not-muddy.html,8,8,8,7,0,Complete: every current article image has a CSV record,Pinterest upload confirmed for 7 of 8 current images,2026-08-12 | 2026-08-13 | 2026-08-14 | 2026-08-15 | 2026-08-16,UPLOAD_RETRY_ONLY_38-duplicate-titles-fixed_2026-08-12.csv | UPLOAD_THIS_latest-articles_five-day-schedule_2026-08-12.csv,2026-08-14
2026-08-11,A Cottagecore Journal Page Built From One Ordinary Morning,a-cottagecore-journal-page-built-from-one-ordinary-morning,https://sentimentalica.com/blog/a-cottagecore-journal-page-built-from-one-ordinary-morning.html,9,9,9,4,0,Complete: every current article image has a CSV record,Pinterest upload confirmed for 4 of 9 current images,2026-08-12 | 2026-08-13 | 2026-08-14 | 2026-08-15 | 2026-08-16,UPLOAD_RETRY_ONLY_38-duplicate-titles-fixed_2026-08-12.csv | UPLOAD_THIS_latest-articles_five-day-schedule_2026-08-12.csv,2026-08-14
2026-08-10,3 Small DIY Paper Projects From One Printable Page,three-small-diy-paper-projects-from-one-printable-page,https://sentimentalica.com/blog/three-small-diy-paper-projects-from-one-printable-page.html,8,8,8,3,0,Complete: every current article image has a CSV record,Pinterest upload confirmed for 3 of 8 current images,2026-08-12 | 2026-08-13 | 2026-08-14 | 2026-08-15 | 2026-08-16,UPLOAD_RETRY_ONLY_38-duplicate-titles-fixed_2026-08-12.csv | UPLOAD_THIS_latest-articles_five-day-schedule_2026-08-12.csv,2026-08-14
2026-08-10,How to Turn Printable Art Into a Digital Wallpaper,how-to-turn-printable-art-into-a-digital-wallpaper,https://sentimentalica.com/blog/how-to-turn-printable-art-into-a-digital-wallpaper.html,9,9,9,6,0,Complete: every current article image has a CSV record,Pinterest upload confirmed for 6 of 9 current images,2026-08-12 | 2026-08-13 | 2026-08-14 | 2026-08-15 | 2026-08-16,UPLOAD_RETRY_ONLY_38-duplicate-titles-fixed_2026-08-12.csv | UPLOAD_THIS_latest-articles_five-day-schedule_2026-08-12.csv,2026-08-14
2026-08-06,How to Use a Beautiful Notebook Without Being Afraid to Ruin It,how-to-use-a-beautiful-notebook-without-being-afraid-to-ruin-it,https://sentimentalica.com/blog/how-to-use-a-beautiful-notebook-without-being-afraid-to-ruin-it.html,3,3,0,0,0,Complete: every current article image has a CSV record,Historical CSV record exists; delivery and Pinterest upload are not confirmed,2026-08-11,UPLOAD_THIS_three-new-journal-guides.csv,2026-08-14
2026-08-06,How to Make Printable Junk Journal Pages Feel Personal,how-to-make-printable-junk-journal-pages-feel-personal,https://sentimentalica.com/blog/how-to-make-printable-junk-journal-pages-feel-personal.html,3,3,0,0,0,Complete: every current article image has a CSV record,Historical CSV record exists; delivery and Pinterest upload are not confirmed,2026-08-11 | 2026-08-12,UPLOAD_THIS_three-new-journal-guides.csv,2026-08-14
2026-08-06,How to Choose a Junk Journal Theme You Won't Get Tired Of,how-to-choose-a-junk-journal-theme-you-will-not-get-tired-of,https://sentimentalica.com/blog/how-to-choose-a-junk-journal-theme-you-will-not-get-tired-of.html,3,3,0,0,0,Complete: every current article image has a CSV record,Historical CSV record exists; delivery and Pinterest upload are not confirmed,2026-08-12,UPLOAD_THIS_three-new-journal-guides.csv,2026-08-14
2026-08-05,How to Mix Patterns in a Junk Journal Without Making It Look Busy,how-to-mix-patterns-in-a-junk-journal-without-making-it-look-busy,https://sentimentalica.com/blog/how-to-mix-patterns-in-a-junk-journal-without-making-it-look-busy.html,9,9,0,0,0,Complete: every current article image has a CSV record,Historical CSV record exists; delivery and Pinterest upload are not confirmed,2026-08-10,UPLOAD_THIS_all-other-articles_two-week-schedule.csv,2026-08-14
2026-08-05,How to Make a Botanical Junk Journal Page Flow,how-to-make-a-botanical-junk-journal-page-flow,https://sentimentalica.com/blog/how-to-make-a-botanical-junk-journal-page-flow.html,9,9,0,0,0,Complete: every current article image has a CSV record,Historical CSV record exists; delivery and Pinterest upload are not confirmed,2026-08-10,UPLOAD_THIS_all-other-articles_two-week-schedule.csv,2026-08-14
2026-08-04,How to Use Printable Ephemera Without Making a Journal Page Look Cluttered,how-to-use-printable-ephemera-without-clutter,https://sentimentalica.com/blog/how-to-use-printable-ephemera-without-clutter.html,10,10,0,0,0,Complete: every current article image has a CSV record,Historical CSV record exists; delivery and Pinterest upload are not confirmed,2026-08-06 | 2026-08-09 | 2026-08-12 | 2026-08-15 | 2026-08-18 | 2026-08-21 | 2026-08-24 | 2026-08-27,011_Lavender_Dusk.csv | 032_Pastel_Dusk.csv | 035_Silk_Promise.csv | 096_Primrose_Dell.csv | UPLOAD_THIS_all-other-articles_two-week-schedule.csv,2026-08-14
2026-08-04,How to Start a Junk Journal With What You Have,how-to-start-a-junk-journal-with-what-you-have,https://sentimentalica.com/blog/how-to-start-a-junk-journal-with-what-you-have.html,5,5,0,0,0,Complete: every current article image has a CSV record,Historical CSV record exists; delivery and Pinterest upload are not confirmed,2026-08-05 | 2026-08-08 | 2026-08-11 | 2026-08-14 | 2026-08-17,UPLOAD_THIS_all-other-articles_two-week-schedule.csv | _lead_magnets.csv,2026-08-14
2026-08-04,How to Make a Cat Memory Journal From Everyday Moments,how-to-make-a-cat-memory-journal-from-everyday-moments,https://sentimentalica.com/blog/how-to-make-a-cat-memory-journal-from-everyday-moments.html,9,9,0,0,0,Complete: every current article image has a CSV record,Historical CSV record exists; delivery and Pinterest upload are not confirmed,2026-08-06 | 2026-08-09 | 2026-08-12 | 2026-08-13 | 2026-08-15 | 2026-08-18 | 2026-08-21 | 2026-08-24,101_Whisker_Bloom.csv | UPLOAD_THIS_all-other-articles_two-week-schedule.csv,2026-08-14
2026-08-04,How Many Colors Should a Junk Journal Page Have?,how-many-colors-should-a-junk-journal-page-have,https://sentimentalica.com/blog/how-many-colors-should-a-junk-journal-page-have.html,9,9,0,0,0,Complete: every current article image has a CSV record,Historical CSV record exists; delivery and Pinterest upload are not confirmed,2026-08-11 | 2026-08-30 | 2026-09-02 | 2026-09-05 | 2026-09-08 | 2026-09-11,035_Silk_Promise.csv | UPLOAD_THIS_all-other-articles_two-week-schedule.csv,2026-08-14
2026-08-02,7 Wedding Journal Prompts for the Week Before Your Wedding,wedding-journal-prompts-for-the-week-before-your-wedding,https://sentimentalica.com/blog/wedding-journal-prompts-for-the-week-before-your-wedding.html,2,2,0,0,0,Complete: every current article image has a CSV record,Historical CSV record exists; delivery and Pinterest upload are not confirmed,2026-08-05 | 2026-08-10 | 2026-08-15,UPLOAD_THIS_all-other-articles_two-week-schedule.csv | lead_wedding_prompts.csv,2026-08-14
2026-08-02,How to Make a Feminine Junk Journal Feel Powerful,how-to-make-a-feminine-junk-journal-feel-powerful,https://sentimentalica.com/blog/how-to-make-a-feminine-junk-journal-feel-powerful.html,8,8,0,0,0,Complete: every current article image has a CSV record,Historical CSV record exists; delivery and Pinterest upload are not confirmed,2026-08-06 | 2026-08-11 | 2026-08-16 | 2026-08-17 | 2026-08-21,Nouveau_Goddess.csv | UPLOAD_THIS_all-other-articles_two-week-schedule.csv,2026-08-14
2026-08-02,How to Build a Fantasy Junk Journal That Feels Like a Story,how-to-build-a-fantasy-junk-journal-that-feels-like-a-story,https://sentimentalica.com/blog/how-to-build-a-fantasy-junk-journal-that-feels-like-a-story.html,7,7,0,0,0,Complete: every current article image has a CSV record,Historical CSV record exists; delivery and Pinterest upload are not confirmed,2026-08-08 | 2026-08-13 | 2026-08-16 | 2026-08-18 | 2026-08-23,Dragon_Fire.csv | UPLOAD_THIS_all-other-articles_two-week-schedule.csv,2026-08-14
2026-08-02,A Letter From Your Future Self When You Feel Stuck,a-letter-from-your-future-self-when-you-feel-stuck,https://sentimentalica.com/blog/a-letter-from-your-future-self-when-you-feel-stuck.html,2,2,0,0,0,Complete: every current article image has a CSV record,Historical CSV record exists; delivery and Pinterest upload are not confirmed,2026-08-07 | 2026-08-12,lead_future_self.csv,2026-08-14
2026-08-02,A Gentle New Moon Journal Ritual for Beginning Again,a-gentle-new-moon-journal-ritual-for-beginning-again,https://sentimentalica.com/blog/a-gentle-new-moon-journal-ritual-for-beginning-again.html,2,2,0,0,0,Complete: every current article image has a CSV record,Historical CSV record exists; delivery and Pinterest upload are not confirmed,2026-08-09 | 2026-08-14,lead_new_moon.csv,2026-08-14
2026-07-29,3 Handmade Cards to Make From Paper Scraps,three-handmade-cards-from-paper-scraps,https://sentimentalica.com/blog/three-handmade-cards-from-paper-scraps.html,5,5,0,0,0,Complete: every current article image has a CSV record,Historical CSV record exists; delivery and Pinterest upload are not confirmed,2026-08-03 | 2026-08-06 | 2026-08-10 | 2026-08-13 | 2026-08-17 | 2026-08-18,UPLOAD_THIS_all-other-articles_two-week-schedule.csv | _lead_magnets.csv,2026-08-14
2026-07-28,100 Free Floral Pictures for Your Junk Journal,100-free-floral-pictures-for-your-junk-journal,https://sentimentalica.com/blog/100-free-floral-pictures-for-your-junk-journal.html,4,4,0,0,0,Complete: every current article image has a CSV record,Historical CSV record exists; delivery and Pinterest upload are not confirmed,2026-08-02 | 2026-08-06 | 2026-08-10 | 2026-08-19,100-free-floral-pictures.csv | UPLOAD_THIS_all-other-articles_two-week-schedule.csv,2026-08-14
2026-07-27,How to Remember an Ordinary Day in Your Junk Journal,how-to-remember-an-ordinary-day-in-your-junk-journal,https://sentimentalica.com/blog/how-to-remember-an-ordinary-day-in-your-junk-journal.html,2,2,0,0,0,Complete: every current article image has a CSV record,Historical CSV record exists; delivery and Pinterest upload are not confirmed,2026-08-01 | 2026-08-05 | 2026-08-20,UPLOAD_THIS_all-other-articles_two-week-schedule.csv | ordinary-day-memory-keeping.csv,2026-08-14
2026-07-17,What to Add When a Journal Page Feels Empty,what-to-add-when-a-journal-page-feels-empty,https://sentimentalica.com/blog/what-to-add-when-a-journal-page-feels-empty.html,4,4,0,0,0,Complete: every current article image has a CSV record,Historical CSV record exists; delivery and Pinterest upload are not confirmed,2026-08-22,149_Sunflower_Days.csv | 208_Forest_Books.csv | 213_Boho_Bloom.csv | UPLOAD_THIS_all-other-articles_two-week-schedule.csv,2026-08-14
2026-07-17,Ledger Textile Junk Journal Palette Ideas,ledger-textile-junk-journal-palette-ideas,https://sentimentalica.com/blog/ledger-textile-junk-journal-palette-ideas.html,6,6,0,0,0,Complete: every current article image has a CSV record,Historical CSV record exists; delivery and Pinterest upload are not confirmed,2026-08-21,202_Ledger_Textile.csv | UPLOAD_THIS_all-other-articles_two-week-schedule.csv,2026-08-14
2026-07-17,Cottage Bloom Junk Journal Palette Ideas,cottage-bloom-junk-journal-palette-ideas,https://sentimentalica.com/blog/cottage-bloom-junk-journal-palette-ideas.html,8,8,0,0,0,Complete: every current article image has a CSV record,Historical CSV record exists; delivery and Pinterest upload are not confirmed,2026-08-23,206_Cottage_Bloom.csv | UPLOAD_THIS_all-other-articles_two-week-schedule.csv,2026-08-14
2026-07-16,What to Bring Home From Vacation for Your Junk Journal,what-to-bring-home-from-vacation-for-your-junk-journal,https://sentimentalica.com/blog/what-to-bring-home-from-vacation-for-your-junk-journal.html,6,6,0,0,0,Complete: every current article image has a CSV record,Historical CSV record exists; delivery and Pinterest upload are not confirmed,2026-08-24,179_Coral_Dance.csv | UPLOAD_THIS_all-other-articles_two-week-schedule.csv,2026-08-14
2026-07-15,Wild Colors Junk Journal Ideas for Playful Pages,wild-colors-junk-journal-ideas-for-playful-pages,https://sentimentalica.com/blog/wild-colors-junk-journal-ideas-for-playful-pages.html,8,8,0,0,0,Complete: every current article image has a CSV record,Historical CSV record exists; delivery and Pinterest upload are not confirmed,2026-07-22 | 2026-07-23 | 2026-07-24 | 2026-08-20,114_Wild_Colors.csv | UPLOAD_THIS_all-other-articles_two-week-schedule.csv,2026-08-14
2026-07-15,Wedding Planning Keepsakes for Your Junk Journal,wedding-planning-keepsakes-for-your-junk-journal,https://sentimentalica.com/blog/wedding-planning-keepsakes-for-your-junk-journal.html,2,2,0,0,0,Complete: every current article image has a CSV record,Historical CSV record exists; delivery and Pinterest upload are not confirmed,2026-07-16 | 2026-07-17 | 2026-08-14,UPLOAD_THIS_all-other-articles_two-week-schedule.csv | _lead_magnets.csv,2026-08-14
2026-07-15,Tiny Paper Things to Collect Before They Disappear,tiny-paper-things-to-collect-before-they-disappear,https://sentimentalica.com/blog/tiny-paper-things-to-collect-before-they-disappear.html,2,2,0,0,0,Complete: every current article image has a CSV record,Historical CSV record exists; delivery and Pinterest upload are not confirmed,2026-07-18 | 2026-07-19 | 2026-08-22,UPLOAD_THIS_all-other-articles_two-week-schedule.csv | _lead_magnets.csv,2026-08-14
2026-07-15,Soft Morning Journal Ideas From Your Notes App,soft-morning-journal-ideas-from-your-notes-app,https://sentimentalica.com/blog/soft-morning-journal-ideas-from-your-notes-app.html,2,2,0,0,0,Complete: every current article image has a CSV record,Historical CSV record exists; delivery and Pinterest upload are not confirmed,2026-07-28 | 2026-07-29 | 2026-07-30,117_Morning_Brew.csv | 149_Sunflower_Days.csv | 198_Garden_Joy.csv,2026-08-14
2026-07-15,Morning Brew Junk Journal Palette Ideas,morning-brew-junk-journal-palette-ideas,https://sentimentalica.com/blog/morning-brew-junk-journal-palette-ideas.html,5,4,0,0,1,Partial: 1 current image(s) still need a CSV row,Historical CSV record exists; delivery and Pinterest upload are not confirmed,2026-07-31 | 2026-08-01 | 2026-08-02 | 2026-08-03,117_Morning_Brew.csv,2026-08-14
2026-07-15,Garden Joy Junk Journal Ideas for Soft Floral Pages,garden-joy-junk-journal-ideas-for-soft-floral-pages,https://sentimentalica.com/blog/garden-joy-junk-journal-ideas-for-soft-floral-pages.html,8,8,0,0,0,Complete: every current article image has a CSV record,Historical CSV record exists; delivery and Pinterest upload are not confirmed,2026-07-25 | 2026-07-26 | 2026-07-27 | 2026-08-15,198_Garden_Joy.csv | UPLOAD_THIS_all-other-articles_two-week-schedule.csv,2026-08-14
2026-07-15,A Quiet Color Ritual for Your Journal Desk,a-quiet-color-ritual-for-your-journal-desk,https://sentimentalica.com/blog/a-quiet-color-ritual-for-your-journal-desk.html,2,2,0,0,0,Complete: every current article image has a CSV record,Historical CSV record exists; delivery and Pinterest upload are not confirmed,2026-07-20 | 2026-07-21 | 2026-08-19,UPLOAD_THIS_all-other-articles_two-week-schedule.csv | _lead_magnets.csv,2026-08-14
2026-07-14,What to Save From a Summer Day for Your Junk Journal,what-to-save-from-a-summer-day-for-your-junk-journal,https://sentimentalica.com/blog/what-to-save-from-a-summer-day-for-your-junk-journal.html,3,3,0,0,0,Complete: every current article image has a CSV record,Historical CSV record exists; delivery and Pinterest upload are not confirmed,2026-08-24,207_Trail_Maps.csv | UPLOAD_THIS_all-other-articles_two-week-schedule.csv,2026-08-14
2026-07-14,Red and Teal Travel Journal Pages for a Collected Mood,red-and-teal-travel-journal-pages-for-a-collected-mood,https://sentimentalica.com/blog/red-and-teal-travel-journal-pages-for-a-collected-mood.html,8,8,0,0,0,Complete: every current article image has a CSV record,Historical CSV record exists; delivery and Pinterest upload are not confirmed,2026-08-16,116_Silk_Road.csv | UPLOAD_THIS_all-other-articles_two-week-schedule.csv,2026-08-14
2026-07-14,How to Make a Journal Page Feel Like a Place,how-to-make-a-journal-page-feel-like-a-place,https://sentimentalica.com/blog/how-to-make-a-journal-page-feel-like-a-place.html,3,3,0,0,0,Complete: every current article image has a CSV record,Historical CSV record exists; delivery and Pinterest upload are not confirmed,2026-08-18,116_Silk_Road.csv | UPLOAD_THIS_all-other-articles_two-week-schedule.csv,2026-08-14
2026-07-14,How to Choose a Junk Journal Color Palette Without Overthinking It,how-to-choose-a-junk-journal-color-palette-without-overthinking-it,https://sentimentalica.com/blog/how-to-choose-a-junk-journal-color-palette-without-overthinking-it.html,3,3,0,0,0,Complete: every current article image has a CSV record,Historical CSV record exists; delivery and Pinterest upload are not confirmed,2026-08-21,121_Blossom_Lane.csv | UPLOAD_THIS_all-other-articles_two-week-schedule.csv,2026-08-14
2026-07-14,Farmhouse Animal Journal Ideas for Country Pages,farmhouse-animal-journal-ideas-for-country-pages,https://sentimentalica.com/blog/farmhouse-animal-journal-ideas-for-country-pages.html,8,8,0,0,0,Complete: every current article image has a CSV record,Historical CSV record exists; delivery and Pinterest upload are not confirmed,2026-08-19,158_Farm_Friends.csv | UPLOAD_THIS_all-other-articles_two-week-schedule.csv,2026-08-14
2026-07-14,Dark Academia Journal Pages With Candlelit Color,dark-academia-journal-pages-with-candlelit-color,https://sentimentalica.com/blog/dark-academia-journal-pages-with-candlelit-color.html,8,8,0,0,0,Complete: every current article image has a CSV record,Historical CSV record exists; delivery and Pinterest upload are not confirmed,2026-08-14,180_Firefly_Glow.csv | UPLOAD_THIS_all-other-articles_two-week-schedule.csv,2026-08-14
2026-07-14,Cottage Rose Junk Journal Palette Ideas,cottage-rose-junk-journal-palette-ideas,https://sentimentalica.com/blog/cottage-rose-junk-journal-palette-ideas.html,8,8,0,0,0,Complete: every current article image has a CSV record,Historical CSV record exists; delivery and Pinterest upload are not confirmed,2026-08-17,121_Blossom_Lane.csv | UPLOAD_THIS_all-other-articles_two-week-schedule.csv,2026-08-14
2026-07-14,Blue and White Color Palettes for Junk Journal Pages,blue-and-white-color-palettes-for-junk-journal-pages,https://sentimentalica.com/blog/blue-and-white-color-palettes-for-junk-journal-pages.html,6,6,0,0,0,Complete: every current article image has a CSV record,Historical CSV record exists; delivery and Pinterest upload are not confirmed,2026-08-23,UPLOAD_THIS_all-other-articles_two-week-schedule.csv,2026-08-14
2026-07-14,A Summer Trail Journal Theme With Maps and Mountain Greens,a-summer-trail-journal-theme-with-maps-and-mountain-greens,https://sentimentalica.com/blog/a-summer-trail-journal-theme-with-maps-and-mountain-greens.html,8,8,0,0,0,Complete: every current article image has a CSV record,Historical CSV record exists; delivery and Pinterest upload are not confirmed,2026-08-22,207_Trail_Maps.csv | UPLOAD_THIS_all-other-articles_two-week-schedule.csv,2026-08-14
2026-07-12,What to Put in a Memory Pocket,what-to-put-in-a-memory-pocket,https://sentimentalica.com/blog/what-to-put-in-a-memory-pocket.html,2,2,0,0,0,Complete: every current article image has a CSV record,Historical CSV record exists; delivery and Pinterest upload are not confirmed,2026-08-11,UPLOAD_THIS_all-other-articles_two-week-schedule.csv,2026-08-14
2026-07-12,Start a Journal Page With One Receipt,start-a-journal-page-with-one-receipt,https://sentimentalica.com/blog/start-a-journal-page-with-one-receipt.html,2,0,0,0,2,Not started: no current article image has a CSV record,No CSV handoff recorded,,,2026-08-14
2026-07-12,Rainy Afternoon Journal Ideas,rainy-afternoon-journal-ideas,https://sentimentalica.com/blog/rainy-afternoon-journal-ideas.html,2,0,0,0,2,Not started: no current article image has a CSV record,No CSV handoff recorded,,,2026-08-14
2026-07-12,A Blue Ribbon Palette for Soft Junk Journal Pages,blue-ribbon-palette-for-soft-junk-journal-pages,https://sentimentalica.com/blog/blue-ribbon-palette-for-soft-junk-journal-pages.html,2,2,0,0,0,Complete: every current article image has a CSV record,Historical CSV record exists; delivery and Pinterest upload are not confirmed,2026-08-18,UPLOAD_THIS_all-other-articles_two-week-schedule.csv,2026-08-14
2026-07-12,A 10-Minute Desk Reset for Journalers,10-minute-desk-reset-for-journalers,https://sentimentalica.com/blog/10-minute-desk-reset-for-journalers.html,2,0,0,0,2,Not started: no current article image has a CSV record,No CSV handoff recorded,,,2026-08-14
2026-07-11,A 10-Minute Paper Sorting Ritual for Junk Journalers,ten-minute-paper-sorting-ritual,https://sentimentalica.com/blog/ten-minute-paper-sorting-ritual.html,1,1,0,0,0,Complete: every current article image has a CSV record,Historical CSV record exists; delivery and Pinterest upload are not confirmed,2026-08-24,UPLOAD_THIS_all-other-articles_two-week-schedule.csv,2026-08-14
2026-07-11,How to Make a Journal Page Feel Lived-In,how-to-make-a-journal-page-feel-lived-in,https://sentimentalica.com/blog/how-to-make-a-journal-page-feel-lived-in.html,4,4,0,0,0,Complete: every current article image has a CSV record,Historical CSV record exists; delivery and Pinterest upload are not confirmed,2026-08-21,UPLOAD_THIS_all-other-articles_two-week-schedule.csv,2026-08-14
2026-07-11,12 Tiny Things to Keep for Your Junk Journal,12-tiny-things-to-keep-for-your-junk-journal,https://sentimentalica.com/blog/12-tiny-things-to-keep-for-your-junk-journal.html,3,3,0,0,0,Complete: every current article image has a CSV record,Historical CSV record exists; delivery and Pinterest upload are not confirmed,2026-08-13,UPLOAD_THIS_all-other-articles_two-week-schedule.csv,2026-08-14
2026-07-10,What to Journal When You Have Nothing to Say,what-to-journal-when-you-have-nothing-to-say,https://sentimentalica.com/blog/what-to-journal-when-you-have-nothing-to-say.html,2,0,0,0,2,Not started: no current article image has a CSV record,No CSV handoff recorded,,,2026-08-14
2026-07-10,Romantic Junk Journal Ideas for a Quiet Evening,romantic-junk-journal-ideas-for-a-quiet-evening,https://sentimentalica.com/blog/romantic-junk-journal-ideas-for-a-quiet-evening.html,7,7,0,0,0,Complete: every current article image has a CSV record,Historical CSV record exists; delivery and Pinterest upload are not confirmed,2026-07-13 | 2026-07-14,026_Silver_Vow.csv | UPLOAD_THIS_wedding-retry-and-romantic-evening.csv | romantic-junk-journal-ideas-for-a-quiet-evening.csv,2026-08-14
2026-07-10,A 20-Minute Creative Reset for When Your Desk Feels Too Loud,20-minute-creative-reset,https://sentimentalica.com/blog/20-minute-creative-reset.html,2,0,0,0,2,Not started: no current article image has a CSV record,No CSV handoff recorded,,,2026-08-14
2026-07-05,"A Wedding Junk Journal Theme in Silver, Cream, and Candlelight",a-wedding-junk-journal-theme-in-silver-cream-and-candlelight,https://sentimentalica.com/blog/a-wedding-junk-journal-theme-in-silver-cream-and-candlelight.html,5,5,0,0,0,Complete: every current article image has a CSV record,Historical CSV record exists; delivery and Pinterest upload are not confirmed,,UPLOAD_THIS_wedding-retry-and-romantic-evening.csv | a-wedding-junk-journal-theme-in-silver-cream-and-candlelight.csv,2026-08-14
