Title,Media URL,Pinterest board,Thumbnail,Description,Link,Publish date,Keywords
See the Full Guide: Junk Journal Mistakes to Avoid,https://sentimentalica.com/blog/img/junk-journal-mistakes-that-make-pages-harder-to-use/gen1.png,Journal Mistakes to Avoid,,"Check five common junk journal mistakes that create bulky, stiff, hard-to-use pages. Open the article for practical fixes that preserve writing space and help handmade journals close comfortably.",https://sentimentalica.com/blog/junk-journal-mistakes-that-make-pages-harder-to-use.html#mistakes-guide,2026-08-18,"junk journal mistakes, junk journaling tips, journal page mistakes, bulky junk journal, journal writing space, handmade journal tips"
See More Ideas: Calm and Usable Junk Journal Pages,https://sentimentalica.com/blog/img/junk-journal-mistakes-that-make-pages-harder-to-use/gen2.png,Junk Jornal Tips,,"A calm creative corner for journal makers who want pages that remain comfortable to open and use. Visit the article for gentle ways to reduce bulk, protect folds, and keep room for writing.",https://sentimentalica.com/blog/junk-journal-mistakes-that-make-pages-harder-to-use.html#calm-journal-scene,2026-08-18,"usable junk journal pages, cozy journaling inspiration, junk journal tips, handmade journal ideas, journal page balance, slow crafting"
See the Full Method: Spring Junk Journal Page Ideas,https://sentimentalica.com/blog/img/spring-junk-journal-ideas-from-rain-and-first-green/gen1.png,Spring Junk Journal Ideas,,"Build a spring journal page from rain blue, a seed packet, first green, one soft bloom, and quiet writing space. Read the article for the complete page-building method.",https://sentimentalica.com/blog/spring-junk-journal-ideas-from-rain-and-first-green.html#spring-page-map,2026-08-18,"spring junk journal ideas, spring journal page, rainy day journal, seed packet journal, botanical journaling, seasonal scrapbook"
See More Ideas: Rainy Spring Journal Inspiration,https://sentimentalica.com/blog/img/spring-junk-journal-ideas-from-rain-and-first-green/gen2.png,Spring Junk Journal Ideas,,"A rainy cottage window, first seedling, and pale blossom capture the quiet mood of early spring. Explore the article for a matching junk journal palette and page ideas.",https://sentimentalica.com/blog/spring-junk-journal-ideas-from-rain-and-first-green.html#rainy-spring-window,2026-08-18,"rainy spring inspiration, spring junk journal, cottagecore spring, botanical journal ideas, spring color palette, seasonal journaling"
See the Full Guide: Easter Memory Pocket Ideas,https://sentimentalica.com/blog/img/easter-memory-pocket-for-family-traditions/gen1.png,Easter Journal Inspiration,,"Save an Easter recipe, dye note, place card, ribbon, pressed flower, and one small memory in a meaningful journal pocket. Open the article for the complete keepsake method.",https://sentimentalica.com/blog/easter-memory-pocket-for-family-traditions.html#easter-pocket-list,2026-08-18,"Easter journal inspiration, Easter memory pocket, family keepsake journal, Easter scrapbook ideas, recipe memory journal, spring journaling"
See More Ideas: Nostalgic Easter Journal Inspiration,https://sentimentalica.com/blog/img/easter-memory-pocket-for-family-traditions/gen2.png,Easter Journal Inspiration,,"A quiet Easter breakfast table in robin egg blue, lilac, buttercream, and linen. Visit the article for thoughtful ways to preserve family traditions without making a page feel overly themed.",https://sentimentalica.com/blog/easter-memory-pocket-for-family-traditions.html#easter-breakfast-scene,2026-08-18,"nostalgic Easter inspiration, Easter junk journal, Easter scrapbook, family tradition journal, pastel Easter aesthetic, spring memory keeping"
See the Full Method: First Junk Journal Spread,https://sentimentalica.com/blog/img/first-junk-journal-spread-with-five-things/gen1.png,Beginner Junk Journaling,,"Make your first junk journal spread with only five things: base paper, one image, one scrap, one label, and one line of writing. Read the article for the beginner-friendly layout method.",https://sentimentalica.com/blog/first-junk-journal-spread-with-five-things.html#five-things-guide,2026-08-19,"beginner junk journaling, first junk journal spread, simple journal layout, junk journal tutorial, paper layering basics, easy journaling ideas"
See More Ideas: Simple Beginner Journaling Setup,https://sentimentalica.com/blog/img/first-junk-journal-spread-with-five-things/gen2.png,Beginner Junk Journaling,,"A welcoming beginner journaling table with a small, manageable selection of materials. Explore the article for a five-item formula that makes starting your first spread feel easier.",https://sentimentalica.com/blog/first-junk-journal-spread-with-five-things.html#beginner-table-scene,2026-08-19,"beginner journaling setup, junk journal supplies, simple junk journal, first journal page, creative table inspiration, easy paper crafts"
See the Full Guide: Glue Mistakes in Junk Journaling,https://sentimentalica.com/blog/img/glue-mistakes-to-avoid-in-a-junk-journal/gen1.png,Journal Mistakes to Avoid,,"Avoid warped paper, stiff folds, stains, and loose fabric with six practical adhesive checks. Open the article for glue tests, gentle repairs, and safer ways to attach delicate materials.",https://sentimentalica.com/blog/glue-mistakes-to-avoid-in-a-junk-journal.html#glue-mistakes-guide,2026-08-19,"junk journal glue mistakes, paper glue tips, warped paper fix, junk journal adhesive, journal repair tips, paper craft mistakes"
See More Ideas: Drying Junk Journal Pages Flat,https://sentimentalica.com/blog/img/glue-mistakes-to-avoid-in-a-junk-journal/gen2.png,Junk Jornal Tips,,"A peaceful craft table with clipped papers drying flat beside a handmade journal. Visit the article for practical adhesive habits that prevent ripples, stiff pages, and messy repairs.",https://sentimentalica.com/blog/glue-mistakes-to-avoid-in-a-junk-journal.html#papers-drying-flat,2026-08-19,"drying paper flat, junk journal glue tips, handmade journal care, paper craft techniques, warped paper prevention, journaling workspace"
See the Full Guide: Craft Paper Storage Mistakes,https://sentimentalica.com/blog/img/paper-storage-mistakes-that-hide-your-best-supplies/gen1.png,Craft Paper Storage Ideas,,"Fix five paper storage habits that hide useful scraps and slow down creative work. Read the article for simple size-based folders, a project tray, and an easier ten-minute reset.",https://sentimentalica.com/blog/paper-storage-mistakes-that-hide-your-best-supplies.html#storage-mistakes-guide,2026-08-19,"craft paper storage ideas, scrapbook paper organization, paper scrap storage, craft room organization, junk journal supplies, paper sorting tips"
See More Ideas: Calm Craft Paper Organization,https://sentimentalica.com/blog/img/paper-storage-mistakes-that-hide-your-best-supplies/gen2.png,Craft Paper Storage Ideas,,A calm paper-storage corner with broad folders and one active project tray. Explore the article for an organization system that keeps favorite supplies visible and easy to use.,https://sentimentalica.com/blog/paper-storage-mistakes-that-hide-your-best-supplies.html#calm-paper-storage,2026-08-19,"craft paper organization, paper storage inspiration, craft room storage, scrapbook supply storage, project tray ideas, organized creative space"
See the Full Method: Spring Garden Walk Journal Pocket,https://sentimentalica.com/blog/img/spring-journal-pocket-from-one-garden-walk/gen1.png,Journal Pockets and Tucks,,"Turn one garden walk into a spring journal pocket with a color note, fallen petal, leaf shape, tiny map, and one true sentence. Open the article for the full keepsake method.",https://sentimentalica.com/blog/spring-journal-pocket-from-one-garden-walk.html#garden-walk-pocket-guide,2026-08-20,"spring journal pocket, journal pockets and tucks, garden journal ideas, botanical keepsake, junk journal pocket, nature journaling"
See More Ideas: Rainy Garden Journal Inspiration,https://sentimentalica.com/blog/img/spring-journal-pocket-from-one-garden-walk/gen2.png,Spring Junk Journal Ideas,,"A rain-washed cottage path, fallen petal, and blank note card create a quiet spring memory. Visit the article for a respectful garden-walk collecting ritual and pocket idea.",https://sentimentalica.com/blog/spring-journal-pocket-from-one-garden-walk.html#rainy-garden-walk,2026-08-20,"rainy garden inspiration, spring nature journal, cottage garden aesthetic, garden walk journal, spring memory keeping, botanical journaling"
Get More Color Ideas: Early Spring Journal Palette,https://sentimentalica.com/blog/img/early-spring-junk-journal-color-palette/gen1.png,Color Palettes,,"Combine rain blue, first green, blossom pink, and warm earth while using cream as breathing room. Read the complete color guide for proportions, texture ideas, and palette fixes.",https://sentimentalica.com/blog/early-spring-junk-journal-color-palette.html#early-spring-palette-guide,2026-08-20,"spring color palette, junk journal colors, rain blue palette, botanical color scheme, vintage spring colors, scrapbook palette ideas"
See More Ideas: Early Spring Window Color Inspiration,https://sentimentalica.com/blog/img/early-spring-junk-journal-color-palette/gen2.png,Spring Junk Journal Ideas,,"Rainy glass, a tender seedling, pink blossom, terracotta, and cream linen form a natural early-spring palette. Explore the article for matching junk journal color ideas.",https://sentimentalica.com/blog/early-spring-junk-journal-color-palette.html#spring-palette-window,2026-08-20,"early spring inspiration, spring junk journal colors, rainy window aesthetic, cottagecore spring palette, botanical color ideas, seasonal journal inspiration"
See the Full Guide: Easter Recipe Memory Page,https://sentimentalica.com/blog/img/easter-recipe-memory-page/gen1.png,Easter Journal Inspiration,,"Preserve an Easter recipe with the maker's name, one ingredient trace, table colors, and the story of the day. Open the article for the complete family memory-page method.",https://sentimentalica.com/blog/easter-recipe-memory-page.html#easter-recipe-page-guide,2026-08-20,"Easter recipe journal, Easter memory page, family recipe scrapbook, Easter journal inspiration, recipe keepsake, holiday memory keeping"
See More Ideas: Easter Baking Journal Inspiration,https://sentimentalica.com/blog/img/easter-recipe-memory-page/gen2.png,Easter Journal Inspiration,,"A nostalgic Easter baking table with pale blue, lilac, buttercream, and spring flowers. Visit the article for a practical recipe keepsake page that remains useful year after year.",https://sentimentalica.com/blog/easter-recipe-memory-page.html#easter-baking-table,2026-08-21,"Easter baking inspiration, recipe journal ideas, Easter scrapbook aesthetic, spring baking table, family recipe keepsake, Easter journaling"
See the Full Guide: Beginner Junk Journal Paper Picks,https://sentimentalica.com/blog/img/beginner-junk-journal-paper-picks/gen1.png,Beginner Junk Journaling,,"Start with five useful paper jobs: plain base, book page, one pattern, translucent layer, and writing card. Read the article for an easy beginner paper-selection method.",https://sentimentalica.com/blog/beginner-junk-journal-paper-picks.html#beginner-paper-guide,2026-08-21,"beginner junk journal supplies, junk journal paper, paper layering basics, beginner paper crafts, journal paper types, junk journaling tutorial"
See More Ideas: Five Papers for Beginner Journaling,https://sentimentalica.com/blog/img/beginner-junk-journal-paper-picks/gen2.png,Beginner Junk Journaling,,"A simple beginner craft table with five versatile paper types. Explore the article for a small starter collection that supports layering, writing, and experimentation without overwhelm.",https://sentimentalica.com/blog/beginner-junk-journal-paper-picks.html#five-paper-table,2026-08-21,"beginner journaling papers, simple junk journal supplies, paper craft inspiration, junk journal starter kit, paper layering ideas, beginner creative setup"
See the Full Method: First Junk Journal Pocket,https://sentimentalica.com/blog/img/first-junk-journal-pocket-in-four-steps/gen1.png,Journal Pockets and Tucks,,"Make your first junk journal pocket in four simple steps: cut, fold, glue the sides, and test with one card. Open the article for measurements, fixes, and placement ideas.",https://sentimentalica.com/blog/first-junk-journal-pocket-in-four-steps.html#first-pocket-guide,2026-08-21,"junk journal pocket tutorial, journal pockets and tucks, beginner junk journaling, paper pocket DIY, easy journal pocket, junk journal techniques"
See More Ideas: Simple Paper Pocket Craft Setup,https://sentimentalica.com/blog/img/first-junk-journal-pocket-in-four-steps/gen2.png,Beginner Junk Journaling,,"A calm beginner setup with floral paper, blank card, ruler, glue, and a closed notebook. Visit the article for the complete first-pocket process and troubleshooting tips.",https://sentimentalica.com/blog/first-junk-journal-pocket-in-four-steps.html#first-pocket-table,2026-08-21,"paper pocket craft, beginner junk journal project, easy paper crafts, junk journal pocket ideas, simple journaling setup, DIY journal tutorial"
